original_filename,new_filename,width,height,orig_kb,new_kb
471117499_626615396699447_8993328616945501180_n.jpg,ramos-cabinetry-construction-mesa-az-project-001,2000,1121,125,74
475164407_587417790721165_3843788849223142363_n.jpg,ramos-cabinetry-construction-mesa-az-project-002,1440,1440,179,128
484818252_623741330422144_1084597373763728475_n.jpg,ramos-cabinetry-construction-mesa-az-project-003,1440,1800,531,603
486060485_626805713449039_4858092115007880006_n.jpg,ramos-cabinetry-construction-mesa-az-project-004,720,960,75,63
514274217_788115733984702_7473502133876992434_n.jpg,ramos-cabinetry-construction-mesa-az-project-005,2000,1500,282,194
546893391_759390156857260_8263523400046998670_n.jpg,ramos-cabinetry-construction-mesa-az-project-006,1500,2000,209,135
547111850_759390276857248_1025398989361664338_n.jpg,ramos-cabinetry-construction-mesa-az-project-007,1500,2000,175,100
547255809_759390210190588_6032999829345006697_n.jpg,ramos-cabinetry-construction-mesa-az-project-008,1500,2000,542,523
547256086_759611180168491_5456697202821573971_n.jpg,ramos-cabinetry-construction-mesa-az-project-009,1500,2000,242,199
547288234_759390283523914_1243223746928988329_n.jpg,ramos-cabinetry-construction-mesa-az-project-010,1500,2000,261,169
547342993_759390253523917_5122813734025671771_n.jpg,ramos-cabinetry-construction-mesa-az-project-011,1500,2000,327,247
547372340_759694613493481_7573780631923541652_n.jpg,ramos-cabinetry-construction-mesa-az-project-012,1500,2000,220,138
547419783_759390200190589_6769041512109951430_n.jpg,ramos-cabinetry-construction-mesa-az-project-013,1500,2000,279,205
547889227_759694580160151_670739052704882318_n.jpg,ramos-cabinetry-construction-mesa-az-project-014,1500,2000,179,107
547907583_759694586826817_7968340298409909791_n.jpg,ramos-cabinetry-construction-mesa-az-project-015,1500,2000,282,206
548030175_759694606826815_7698460152988816285_n.jpg,ramos-cabinetry-construction-mesa-az-project-016,2000,1500,265,187
548283213_762760123186930_4631964673712227574_n.jpg,ramos-cabinetry-construction-mesa-az-project-017,1500,2000,334,257
548603741_759390263523916_5443067866965386207_n.jpg,ramos-cabinetry-construction-mesa-az-project-018,1500,2000,274,194
550126499_762760109853598_5801345301270717703_n.jpg,ramos-cabinetry-construction-mesa-az-project-019,1500,2000,339,259
552365448_767741686022107_1377496071954798748_n.jpg,ramos-cabinetry-construction-mesa-az-project-020,1500,2000,265,185
552687065_768379782624964_1259006264650676603_n.jpg,ramos-cabinetry-construction-mesa-az-project-021,1500,2000,169,94
552815877_768379119291697_4609083357928373297_n.jpg,ramos-cabinetry-construction-mesa-az-project-022,1500,2000,206,159
552870370_768379749291634_6285911819226263756_n.jpg,ramos-cabinetry-construction-mesa-az-project-023,1500,2000,263,186
553266242_768379755958300_757684901828768907_n.jpg,ramos-cabinetry-construction-mesa-az-project-024,1500,2000,344,277
553431038_767741682688774_7194476066305299785_n.jpg,ramos-cabinetry-construction-mesa-az-project-025,1500,2000,279,202
554947941_770350739094535_1426390782849249451_n.jpg,ramos-cabinetry-construction-mesa-az-project-026,1500,2000,236,156
554965250_770350802427862_8279464382426927842_n.jpg,ramos-cabinetry-construction-mesa-az-project-027,1500,2000,288,216
555397705_769412709188338_7297155213876214109_n.jpg,ramos-cabinetry-construction-mesa-az-project-028,1500,2000,296,210
555598779_769412719188337_8911734236387347382_n.jpg,ramos-cabinetry-construction-mesa-az-project-029,1500,2000,341,271
555676247_770350772427865_616235858916416749_n.jpg,ramos-cabinetry-construction-mesa-az-project-030,1500,2000,283,198
555689461_770350779094531_8079453582789576246_n.jpg,ramos-cabinetry-construction-mesa-az-project-031,1500,2000,409,351
555702892_770350729094536_1680614676298181528_n.jpg,ramos-cabinetry-construction-mesa-az-project-032,1500,2000,371,295
560219343_786522890810653_6675895608460419098_n.jpg,ramos-cabinetry-construction-mesa-az-project-033,1500,2000,203,126
561609346_788959280567014_7800771373987754547_n.jpg,ramos-cabinetry-construction-mesa-az-project-034,1500,2000,309,241
562372310_786522860810656_668539365741751726_n.jpg,ramos-cabinetry-construction-mesa-az-project-035,1500,2000,324,249
565136860_786522884143987_7863975709201496608_n.jpg,ramos-cabinetry-construction-mesa-az-project-036,1500,2000,204,126
565650336_788115727318036_5794873308157729851_n.jpg,ramos-cabinetry-construction-mesa-az-project-037,1500,2000,241,159
566285371_788959263900349_9113832740640593919_n.jpg,ramos-cabinetry-construction-mesa-az-project-038,1500,2000,257,178
568561078_788959250567017_5771654179646813337_n.jpg,ramos-cabinetry-construction-mesa-az-project-039,1500,2000,282,207
571289083_796378116491797_6636659091509894458_n.jpg,ramos-cabinetry-construction-mesa-az-project-040,1498,2000,237,165
577771363_806046885524920_3205922521194923446_n.jpg,ramos-cabinetry-construction-mesa-az-project-041,1500,2000,280,210
579122967_806046892191586_2786592226181415368_n.jpg,ramos-cabinetry-construction-mesa-az-project-042,1500,2000,391,325
615440682_856819337114341_1365515898487867983_n.jpg,ramos-cabinetry-construction-mesa-az-project-043,1500,2000,389,308
615804220_856503760479232_930851019483404680_n.jpg,ramos-cabinetry-construction-mesa-az-project-044,2000,1500,222,143
615820228_855173980612210_7091221208037972723_n.jpg,ramos-cabinetry-construction-mesa-az-project-045,2000,1500,226,159
615836233_856503707145904_6642548074011259795_n.jpg,ramos-cabinetry-construction-mesa-az-project-046,1500,2000,266,191
615889035_855173973945544_9059696130917039036_n.jpg,ramos-cabinetry-construction-mesa-az-project-047,1500,2000,184,119
616155110_856819363781005_2532167325207381870_n.jpg,ramos-cabinetry-construction-mesa-az-project-048,1500,2000,301,221
616487484_856819367114338_1952706272284870805_n.jpg,ramos-cabinetry-construction-mesa-az-project-049,1500,2000,513,463
617514466_856503713812570_8627424966953580243_n.jpg,ramos-cabinetry-construction-mesa-az-project-050,1500,2000,196,126
617530074_856503667145908_6730445738370389356_n.jpg,ramos-cabinetry-construction-mesa-az-project-051,1500,2000,300,228
617531996_856819330447675_1844938780399873212_n.jpg,ramos-cabinetry-construction-mesa-az-project-052,1500,2000,345,259
617536377_856503657145909_6222905623847654257_n.jpg,ramos-cabinetry-construction-mesa-az-project-053,1500,2000,277,201
617539964_855173337278941_3535388072232474014_n.jpg,ramos-cabinetry-construction-mesa-az-project-054,1500,2000,265,199
619340052_862616956534579_3511246155539133704_n.jpg,ramos-cabinetry-construction-mesa-az-project-055,1500,2000,250,175
620000112_862616966534578_6999645480708267526_n.jpg,ramos-cabinetry-construction-mesa-az-project-056,1500,2000,232,158
620029393_862616506534624_2130481021727387244_n.jpg,ramos-cabinetry-construction-mesa-az-project-057,1500,2000,238,162
622079937_865261149603493_7727176229815961427_n.jpg,ramos-cabinetry-construction-mesa-az-project-058,1500,2000,245,172
622833583_862616466534628_5726814756834403703_n.jpg,ramos-cabinetry-construction-mesa-az-project-059,1500,2000,304,243
622859272_862616476534627_967140517212269237_n.jpg,ramos-cabinetry-construction-mesa-az-project-060,2000,1500,199,125
622912173_865261106270164_7820283727120467329_n.jpg,ramos-cabinetry-construction-mesa-az-project-061,1500,2000,260,185
622950046_867067776089497_1034402409453123022_n.jpg,ramos-cabinetry-construction-mesa-az-project-062,1500,2000,244,158
622952742_862616923201249_1968513686373633244_n.jpg,ramos-cabinetry-construction-mesa-az-project-063,1500,2000,242,160
623123259_867067782756163_4075089231793330359_n.jpg,ramos-cabinetry-construction-mesa-az-project-064,1500,2000,260,175
623186094_867067809422827_8310456780431799508_n.jpg,ramos-cabinetry-construction-mesa-az-project-065,1500,2000,261,179
623260650_867066666089608_2889832367758992755_n.jpg,ramos-cabinetry-construction-mesa-az-project-066,1500,2000,260,185
623379047_867065932756348_8869343807750992168_n.jpg,ramos-cabinetry-construction-mesa-az-project-067,720,1280,172,184
624112955_867064926089782_6209399158030595452_n.jpg,ramos-cabinetry-construction-mesa-az-project-068,2000,1500,502,535
625099587_867693636026911_6299018648033983888_n.jpg,ramos-cabinetry-construction-mesa-az-project-069,1500,2000,157,97
626793270_869852749144333_2496319275931026485_n.jpg,ramos-cabinetry-construction-mesa-az-project-070,1500,2000,335,245
627973663_872885232174418_1339850886736412553_n.jpg,ramos-cabinetry-construction-mesa-az-project-071,1500,2000,251,178
628462680_872885205507754_142193758250372517_n.jpg,ramos-cabinetry-construction-mesa-az-project-072,1500,2000,152,77
630350287_872885208841087_4911561036062952585_n.jpg,ramos-cabinetry-construction-mesa-az-project-073,1500,2000,211,129
637890817_883681974428077_8458226396803752780_n.jpg,ramos-cabinetry-construction-mesa-az-project-074,1500,2000,333,263
637891723_883682757761332_2701447445074120335_n.jpg,ramos-cabinetry-construction-mesa-az-project-075,1500,2000,279,198
637908766_883682001094741_83507848739664367_n.jpg,ramos-cabinetry-construction-mesa-az-project-076,1500,2000,317,238
637917635_883681967761411_9010879162045293131_n.jpg,ramos-cabinetry-construction-mesa-az-project-077,1500,2000,378,293
637973062_884526587676949_5589784102947308342_n.jpg,ramos-cabinetry-construction-mesa-az-project-078,1500,2000,234,159
637992462_884526621010279_2123141939309757243_n.jpg,ramos-cabinetry-construction-mesa-az-project-079,1500,2000,302,213
638033058_883682704428004_1411495853427369256_n.jpg,ramos-cabinetry-construction-mesa-az-project-080,1500,2000,467,415
638033563_883682007761407_3916734235529513092_n.jpg,ramos-cabinetry-construction-mesa-az-project-081,1500,2000,324,249
638361572_884526584343616_4554233196199966466_n.jpg,ramos-cabinetry-construction-mesa-az-project-082,1500,2000,281,196
638368521_883683454427929_5117068912273822957_n.jpg,ramos-cabinetry-construction-mesa-az-project-083,1500,2000,645,651
638481975_884526614343613_7616917059787459994_n.jpg,ramos-cabinetry-construction-mesa-az-project-084,1500,2000,243,160
639066908_883682731094668_2097969853333397665_n.jpg,ramos-cabinetry-construction-mesa-az-project-085,1500,2000,302,221
639151572_883683441094597_245038317677668489_n.jpg,ramos-cabinetry-construction-mesa-az-project-086,1500,2000,451,411
639160926_883684707761137_9085817634295270060_n.jpg,ramos-cabinetry-construction-mesa-az-project-087,2000,1500,294,219
639165323_883682017761406_8773702232172533484_n.jpg,ramos-cabinetry-construction-mesa-az-project-088,1500,2000,270,193
639270499_883684701094471_8010261192977350338_n.jpg,ramos-cabinetry-construction-mesa-az-project-089,2000,1500,308,231
639443089_883682684428006_3147076539468358239_n.jpg,ramos-cabinetry-construction-mesa-az-project-090,1500,2000,225,143
639759717_883683467761261_952665732392706880_n.jpg,ramos-cabinetry-construction-mesa-az-project-091,1500,2000,385,308
639897305_883682741094667_9176456253332515202_n.jpg,ramos-cabinetry-construction-mesa-az-project-092,1500,2000,321,263
644452218_891522933643981_5599885871138232492_n.jpg,ramos-cabinetry-construction-mesa-az-project-093,1500,2000,379,299
644460718_891522926977315_7119672060591714739_n.jpg,ramos-cabinetry-construction-mesa-az-project-094,1500,2000,233,159
650740230_900368319426109_781787145356074781_n.jpg,ramos-cabinetry-construction-mesa-az-project-095,1080,1351,117,91
651002728_901256382670636_4815564439411103480_n.jpg,ramos-cabinetry-construction-mesa-az-project-096,1500,2000,166,99
651169419_901256362670638_8475978078985588188_n.jpg,ramos-cabinetry-construction-mesa-az-project-097,1500,2000,165,98
651176711_901256329337308_7499620896418296057_n.jpg,ramos-cabinetry-construction-mesa-az-project-098,1500,2000,240,175
652148424_901256352670639_9056080580153367946_n.jpg,ramos-cabinetry-construction-mesa-az-project-099,1500,2000,234,157
653432514_901256312670643_6458248976818458554_n.jpg,ramos-cabinetry-construction-mesa-az-project-100,1500,2000,267,205
657384620_913990034730604_3703000151526814207_n.jpg,ramos-cabinetry-construction-mesa-az-project-101,2000,1500,351,301
658426633_913988571397417_8997958711606928472_n.jpg,ramos-cabinetry-construction-mesa-az-project-102,1500,2000,168,92
659049480_913988578064083_4896425198435931927_n.jpg,ramos-cabinetry-construction-mesa-az-project-103,1500,2000,114,50
660430143_913988548064086_5587463047084580727_n.jpg,ramos-cabinetry-construction-mesa-az-project-104,1500,2000,149,82
662903834_913988551397419_871784430858123545_n.jpg,ramos-cabinetry-construction-mesa-az-project-105,1500,2000,112,50
669300474_922364183893189_7580116820460133523_n.jpg,ramos-cabinetry-construction-mesa-az-project-106,1500,2000,267,230
682573232_938382295624711_3194492826915239855_n.jpg,ramos-cabinetry-construction-mesa-az-project-107,1500,2000,314,212
682884537_938382285624712_5412093939441706268_n.jpg,ramos-cabinetry-construction-mesa-az-project-108,1500,2000,286,188
683904389_938920042237603_8082885157011382075_n.jpg,ramos-cabinetry-construction-mesa-az-project-109,1500,2000,198,131
683920710_938920005570940_4697666042455036799_n.jpg,ramos-cabinetry-construction-mesa-az-project-110,1500,2000,210,135
684867324_938920012237606_3754983247822638923_n.jpg,ramos-cabinetry-construction-mesa-az-project-111,1500,2000,337,269
687038134_939107032218904_2670537519014270464_n.jpg,ramos-cabinetry-construction-mesa-az-project-112,1500,2000,249,171
687652250_938920055570935_4503789679755683254_n.jpg,ramos-cabinetry-construction-mesa-az-project-113,1500,2000,355,273
688355996_939107025552238_2741917612351421014_n.jpg,ramos-cabinetry-construction-mesa-az-project-114,2000,1500,223,138
688852599_940348118761462_7127708172302442045_n.jpg,ramos-cabinetry-construction-mesa-az-project-115,1500,2000,171,101
689596293_940348142094793_9009226737243546610_n.jpg,ramos-cabinetry-construction-mesa-az-project-116,1500,2000,174,100
690321073_940348108761463_5398224099781462204_n.jpg,ramos-cabinetry-construction-mesa-az-project-117,1500,2000,189,109
690404703_945505868245687_5490934545752814186_n.jpg,ramos-cabinetry-construction-mesa-az-project-118,2000,2000,353,232
690638566_945505821579025_9184679076267788767_n.jpg,ramos-cabinetry-construction-mesa-az-project-119,2000,2000,213,114
690640494_945505814912359_4371806588511591835_n.jpg,ramos-cabinetry-construction-mesa-az-project-120,2000,2000,220,118
695815272_945505861579021_2593468838698405993_n.jpg,ramos-cabinetry-construction-mesa-az-project-121,2000,2000,384,276
706055007_961216753341265_2309257108206258291_n.jpg,ramos-cabinetry-construction-mesa-az-project-122,2000,1500,354,247
708277509_961216160007991_5480085712522578727_n.jpg,ramos-cabinetry-construction-mesa-az-project-123,1500,2000,212,138
708794514_961216140007993_261006900352569285_n.jpg,ramos-cabinetry-construction-mesa-az-project-124,1500,2000,249,167
709845827_961216763341264_7617070927352081409_n.jpg,ramos-cabinetry-construction-mesa-az-project-125,1500,2000,276,186
710613721_961216146674659_3555670919185404201_n.jpg,ramos-cabinetry-construction-mesa-az-project-126,1500,2000,278,199
710827460_964745999655007_5692298359232260225_n.jpg,ramos-cabinetry-construction-mesa-az-project-127,1500,2000,307,204
712007278_964746019655005_8305316192061557886_n.jpg,ramos-cabinetry-construction-mesa-az-project-128,1500,2000,259,196
712504090_966374999492107_161181030558092166_n.jpg,ramos-cabinetry-construction-mesa-az-project-129,1500,2000,239,172
713305257_966377606158513_2285250220594863142_n.jpg,ramos-cabinetry-construction-mesa-az-project-130,1206,1995,183,125
713744914_966375042825436_3073908177986522354_n.jpg,ramos-cabinetry-construction-mesa-az-project-131,1500,2000,212,138
713824342_966377632825177_8564811118578042058_n.jpg,ramos-cabinetry-construction-mesa-az-project-132,1206,1788,96,57
713824350_966374972825443_8527425748430707907_n.jpg,ramos-cabinetry-construction-mesa-az-project-133,1500,2000,188,122
714671155_966375099492097_3856339607958044309_n.jpg,ramos-cabinetry-construction-mesa-az-project-134,1500,2000,252,173
714722736_966375016158772_2944723020425325254_n.jpg,ramos-cabinetry-construction-mesa-az-project-135,1500,2000,249,167
714729976_966377596158514_4122601527015549468_n.jpg,ramos-cabinetry-construction-mesa-az-project-136,1206,1409,168,119
714765757_966379712824969_7305040347099750640_n.jpg,ramos-cabinetry-construction-mesa-az-project-137,1500,2000,203,122
714768481_967263636069910_8631700744923384530_n.jpg,ramos-cabinetry-construction-mesa-az-project-138,1500,2000,230,157
714840122_966374962825444_57024893429415614_n.jpg,ramos-cabinetry-construction-mesa-az-project-139,1500,2000,176,101
715353816_966379719491635_234923512816963190_n.jpg,ramos-cabinetry-construction-mesa-az-project-140,1500,2000,193,123
715413189_966375059492101_6795155285040046581_n.jpg,ramos-cabinetry-construction-mesa-az-project-141,1500,2000,346,296
716251010_967263672736573_4306040426687257321_n.jpg,ramos-cabinetry-construction-mesa-az-project-142,1500,2000,287,206
716574350_967263662736574_7861449505710108470_n.jpg,ramos-cabinetry-construction-mesa-az-project-143,1500,2000,168,92
716574365_966375089492098_8053144615339743909_n.jpg,ramos-cabinetry-construction-mesa-az-project-144,1500,2000,141,79
716591280_967263639403243_2157101338761457826_n.jpg,ramos-cabinetry-construction-mesa-az-project-145,1500,2000,185,114
716695327_966379759491631_2418927097193814915_n.jpg,ramos-cabinetry-construction-mesa-az-project-146,1500,2000,193,117
720087231_971646535631620_7351588245563421365_n.jpg,ramos-cabinetry-construction-mesa-az-project-147,1500,2000,150,91
720776604_971646552298285_181975099209418937_n.jpg,ramos-cabinetry-construction-mesa-az-project-148,1500,2000,229,147
732151524_987020917427515_4239268439417624851_n.jpg,ramos-cabinetry-construction-mesa-az-project-149,720,960,43,29
735877653_989158827213724_2271469393919640247_n.jpg,ramos-cabinetry-construction-mesa-az-project-150,2000,1500,126,99
736173007_989158837213723_5026991575546266535_n.jpg,ramos-cabinetry-construction-mesa-az-project-151,1500,2000,122,99
736384782_989159193880354_8821836093730217890_n.jpg,ramos-cabinetry-construction-mesa-az-project-152,1500,2000,139,110
736397066_989159207213686_6899699009045787087_n.jpg,ramos-cabinetry-construction-mesa-az-project-153,1500,2000,143,117
738638751_995349326594674_5244498848381959197_n.jpg,ramos-cabinetry-construction-mesa-az-project-154,1500,2000,109,91
740741047_995354766594130_2469354064508322182_n.jpg,ramos-cabinetry-construction-mesa-az-project-155,768,1152,83,70
741121144_994751366654470_4035339318541465159_n.jpg,ramos-cabinetry-construction-mesa-az-project-156,1500,2000,203,147
741215442_995349293261344_862193245177139179_n.jpg,ramos-cabinetry-construction-mesa-az-project-157,1500,2000,131,110
741510095_995349306594676_3958805122518617495_n.jpg,ramos-cabinetry-construction-mesa-az-project-158,1500,2000,125,99
748216131_1002479375881669_2552201319480420150_n.jpg,ramos-cabinetry-construction-mesa-az-project-159,1500,2000,228,252
749084989_1002477455881861_6975909499638210485_n.jpg,ramos-cabinetry-construction-mesa-az-project-160,1500,2000,151,126
749184164_1003333585796248_4829496015912583244_n.jpg,ramos-cabinetry-construction-mesa-az-project-161,2000,1500,149,109
749286538_1002479382548335_5542174873764111451_n.jpg,ramos-cabinetry-construction-mesa-az-project-162,1500,2000,199,203
749355214_1003333542462919_6887863555406135020_n.jpg,ramos-cabinetry-construction-mesa-az-project-163,1280,960,93,61
749542630_1002478182548455_1752102173474428069_n.jpg,ramos-cabinetry-construction-mesa-az-project-164,1500,2000,161,157
749981941_1002477452548528_4984294877787854593_n.jpg,ramos-cabinetry-construction-mesa-az-project-165,1500,2000,226,243
749981946_1002478232548450_3321509346297031347_n.jpg,ramos-cabinetry-construction-mesa-az-project-166,1500,2000,174,161
750554153_1003333552462918_7965502193417032660_n.jpg,ramos-cabinetry-construction-mesa-az-project-167,2000,1500,208,181
